,Training,Testing
AUC,0.7229080932784636,0.7628205128205128
Accuracy,0.6410256410256411,0.684931506849315
Precision,0.4482758620689655,0.475
Recall,0.7222222222222222,0.9047619047619048
