,Score,Lower,Higher
Training,0.9762582908060392,0.9698529431995521,0.9819210851951138
Testing,0.9753384048161048,0.9667810872982998,0.9826602606748202
Test-retest,0.9107507096419138,0.8608906736391506,0.9433281747000578
