,Training,Testing
AUC,0.7770919067215363,0.6236263736263736
Accuracy,0.7094017094017094,0.6027397260273972
Precision,0.52,0.34615384615384615
Recall,0.7222222222222222,0.42857142857142855
