,Score,Lower,Higher
Training,0.8851678893009453,0.8576779981560192,0.9106190044125622
Testing,0.8651127863781981,0.8249952078925681,0.9019544377484717
Test-retest,0.7535485975167787,0.6327458428943048,0.838662331074649
