,Training,Testing
AUC,0.76920438957476,0.5613553113553114
Accuracy,0.6923076923076923,0.5342465753424658
Precision,0.5,0.3142857142857143
Recall,0.6388888888888888,0.5238095238095238
