,Score,Lower,Higher
Training,0.5124120639739065,0.44961074257216926,0.5826206798771347
Testing,0.5715967471593048,0.49379258083144384,0.6578090497575555
Test-retest,0.4523221308881792,0.24725039848773198,0.6188548065873726
