,Training,Testing
AUC,0.7146776406035665,0.7573260073260073
Accuracy,0.6239316239316239,0.684931506849315
Precision,0.43548387096774194,0.4722222222222222
Recall,0.75,0.8095238095238095
