,Score,Lower,Higher
Training,0.9951854567250686,0.9938552081292832,0.9963502511087104
Testing,0.9935078502470429,0.9911997136010748,0.995459791946626
Test-retest,0.9224953395775892,0.8787803101866052,0.9508959910913694
