,ICC,Lower,Higher
original_shape_MajorAxisLength,0.9968355811128812,0.9965688396036256,0.9970816182642044
log-sigma-5-mm-3D_firstorder_Median_32_binCount,0.9789478907222816,0.9771903638599746,0.980571328618044
original_shape_Maximum2DDiameterColumn,0.9914155631115984,0.9906940332518188,0.9920813750357396
original_shape_Maximum3DDiameter,0.9972754324692186,0.9970456884152794,0.9974873329253696
original_shape_Maximum2DDiameterRow,0.988099374088442,0.9871007669900208,0.9890210935474214
