,Training,Testing
AUC,0.7798353909465021,0.6465201465201464
Accuracy,0.717948717948718,0.5753424657534246
Precision,0.5319148936170213,0.32142857142857145
Recall,0.6944444444444444,0.42857142857142855
