,Score,Lower,Higher
Training,0.891699084875921,0.8655418958844193,0.9158364035068339
Testing,0.859305062903643,0.8178134637705242,0.8975505311684312
Test-retest,0.7518420625131381,0.630379137030383,0.8374905409140998
