,ICC,Lower,Higher
wavelet-HHH_ngtdm_Strength_32_binCount,0.8177946123792513,0.8039170815054376,0.830782170953069
log-sigma-5-mm-3D_firstorder_10Percentile_32_binCount,0.9110661974150488,0.90391653783813,0.9177068302445438
original_shape_Elongation,0.9469995952085044,0.9426524851405484,0.951025513196206
log-sigma-3-mm-3D_firstorder_InterquartileRange_32_binCount,0.8890495760065211,0.8802411182208285,0.897245570688582
original_glszm_ZoneEntropy_32_binCount,0.7720977589735145,0.7551720986829376,0.7879921743583852
